{ "compressionlevel":-1,
 "height":17,
 "infinite":false,
 "layers":[
        {
         "data":[0, 0, 0, 0, 0, 0, 0, 0, 0, 0, 0, 0, 0, 0, 0, 0, 0, 0, 0, 0, 0, 0, 0, 0, 0, 0, 0, 0, 0, 0, 0, 0, 0, 0, 0, 0, 0, 0, 0, 0, 0, 0, 0, 0, 0, 0, 0, 0, 0, 0, 0, 0, 0, 0, 0, 0, 0, 0, 0, 0, 0, 0, 0, 0,
            0, 0, 0, 0, 0, 0, 0, 0, 0, 0, 0, 0, 0, 0, 0, 0, 0, 0, 0, 0, 0, 0, 0, 0, 0, 0, 0, 0, 0, 0, 0, 0, 0, 0, 0, 0, 0, 0, 0, 0, 0, 0, 0, 0, 0, 0, 0, 0, 0, 0, 0, 0, 0, 0, 0, 0, 0, 0, 0, 0, 0, 0, 0, 0,
            0, 0, 0, 0, 0, 0, 0, 0, 0, 0, 0, 0, 0, 0, 0, 0, 0, 0, 0, 0, 0, 0, 0, 0, 0, 0, 0, 0, 0, 0, 0, 0, 0, 0, 0, 0, 0, 0, 0, 0, 0, 0, 0, 0, 0, 0, 0, 0, 0, 0, 0, 0, 0, 0, 0, 0, 0, 0, 0, 0, 0, 0, 0, 0,
            0, 0, 0, 0, 0, 0, 0, 0, 0, 0, 0, 0, 0, 0, 0, 0, 0, 0, 0, 0, 0, 0, 0, 0, 0, 0, 0, 0, 0, 0, 0, 0, 0, 0, 0, 0, 0, 0, 0, 0, 0, 0, 0, 0, 0, 0, 0, 0, 0, 0, 0, 0, 0, 0, 0, 0, 0, 0, 0, 0, 0, 0, 0, 0,
            0, 0, 0, 0, 0, 0, 0, 0, 0, 0, 0, 0, 0, 0, 0, 0, 0, 0, 0, 0, 0, 0, 0, 0, 0, 0, 0, 0, 0, 0, 0, 0, 0, 0, 0, 0, 0, 0, 0, 0, 0, 0, 0, 0, 0, 0, 0, 0, 0, 0, 0, 0, 0, 0, 0, 0, 0, 0, 0, 0, 0, 0, 0, 0,
            0, 0, 0, 0, 0, 0, 0, 0, 0, 0, 0, 0, 0, 0, 0, 0, 0, 0, 0, 0, 0, 0, 0, 0, 0, 0, 0, 0, 0, 0, 0, 0, 0, 0, 0, 0, 0, 0, 0, 0, 0, 0, 0, 0, 0, 0, 0, 0, 0, 0, 0, 0, 0, 0, 0, 0, 0, 0, 0, 0, 0, 0, 0, 0,
            0, 0, 0, 0, 0, 0, 0, 0, 0, 0, 0, 0, 0, 0, 0, 0, 0, 0, 0, 0, 0, 0, 0, 0, 0, 0, 0, 0, 0, 0, 0, 0, 0, 0, 0, 0, 0, 0, 0, 0, 0, 0, 0, 0, 0, 0, 0, 0, 0, 0, 0, 0, 0, 0, 0, 0, 0, 0, 0, 0, 0, 0, 0, 0,
            0, 0, 0, 0, 0, 0, 0, 0, 0, 0, 0, 0, 0, 0, 0, 0, 0, 0, 0, 0, 0, 0, 0, 0, 0, 0, 0, 0, 0, 0, 0, 0, 0, 0, 0, 0, 0, 0, 0, 0, 0, 0, 0, 0, 0, 0, 0, 0, 0, 0, 0, 0, 0, 0, 0, 0, 0, 0, 0, 0, 0, 0, 0, 0,
            0, 0, 0, 0, 0, 0, 0, 0, 0, 0, 0, 0, 0, 0, 0, 0, 0, 0, 0, 0, 0, 0, 0, 0, 0, 0, 0, 0, 0, 0, 0, 0, 0, 0, 0, 0, 0, 0, 0, 0, 0, 0, 0, 0, 0, 0, 0, 0, 0, 0, 0, 0, 0, 0, 0, 0, 0, 0, 0, 0, 0, 0, 0, 0,
            0, 0, 0, 0, 0, 0, 0, 0, 0, 0, 0, 0, 0, 0, 0, 0, 0, 0, 0, 0, 0, 0, 0, 0, 0, 0, 0, 0, 0, 0, 0, 0, 0, 0, 0, 0, 0, 0, 0, 0, 0, 0, 0, 0, 0, 0, 0, 0, 0, 0, 0, 0, 0, 0, 0, 0, 0, 0, 0, 0, 0, 0, 0, 0,
            0, 0, 0, 0, 0, 0, 0, 0, 0, 0, 0, 0, 0, 0, 0, 0, 0, 0, 0, 0, 0, 0, 0, 0, 0, 0, 0, 0, 0, 0, 0, 0, 0, 0, 0, 0, 0, 0, 0, 0, 0, 0, 0, 0, 0, 0, 0, 0, 0, 0, 0, 0, 0, 0, 0, 0, 0, 0, 0, 0, 0, 0, 0, 0,
            0, 0, 0, 0, 0, 0, 0, 0, 0, 0, 0, 0, 0, 0, 0, 0, 0, 0, 0, 0, 0, 0, 0, 0, 0, 0, 0, 0, 0, 0, 0, 0, 0, 0, 0, 0, 0, 0, 0, 0, 0, 0, 0, 0, 0, 0, 0, 0, 0, 0, 0, 0, 0, 0, 0, 0, 0, 0, 0, 0, 0, 0, 0, 326,
            0, 0, 0, 0, 0, 0, 0, 0, 0, 0, 0, 0, 0, 0, 0, 0, 0, 0, 0, 0, 0, 0, 0, 0, 0, 0, 0, 0, 0, 0, 0, 0, 0, 0, 0, 0, 0, 0, 0, 0, 0, 0, 0, 0, 0, 0, 0, 0, 0, 0, 0, 0, 0, 0, 0, 0, 0, 0, 0, 0, 0, 0, 0, 0,
            0, 0, 0, 0, 0, 0, 0, 0, 0, 0, 0, 0, 0, 0, 0, 0, 0, 0, 0, 0, 0, 0, 0, 0, 0, 0, 0, 0, 0, 0, 0, 0, 0, 0, 0, 0, 0, 0, 0, 0, 0, 0, 0, 0, 0, 0, 0, 0, 0, 0, 0, 0, 0, 0, 0, 0, 0, 0, 0, 0, 0, 0, 0, 0,
            0, 0, 0, 0, 0, 0, 0, 0, 0, 0, 0, 0, 0, 0, 0, 0, 0, 0, 0, 0, 0, 0, 0, 0, 0, 0, 0, 0, 0, 0, 0, 0, 0, 0, 0, 0, 0, 0, 0, 0, 0, 0, 0, 0, 0, 0, 0, 0, 0, 0, 0, 0, 0, 0, 0, 0, 0, 0, 0, 0, 0, 0, 0, 0,
            0, 0, 0, 0, 0, 0, 0, 0, 0, 0, 0, 0, 0, 0, 0, 0, 0, 0, 0, 0, 0, 0, 0, 0, 0, 0, 0, 0, 0, 0, 0, 0, 0, 0, 0, 0, 0, 0, 0, 0, 0, 0, 0, 0, 0, 0, 0, 0, 0, 0, 0, 0, 0, 0, 0, 0, 0, 0, 0, 0, 0, 0, 0, 0,
            0, 0, 0, 0, 0, 0, 0, 0, 0, 0, 0, 0, 0, 0, 0, 0, 0, 0, 0, 0, 0, 0, 0, 0, 0, 0, 0, 0, 0, 0, 0, 0, 0, 0, 0, 0, 0, 0, 0, 0, 0, 0, 0, 0, 0, 0, 0, 0, 0, 0, 0, 0, 0, 0, 0, 0, 0, 0, 0, 0, 0, 0, 0, 0],
         "height":17,
         "id":9,
         "name":"Exit-2",
         "opacity":1,
         "type":"tilelayer",
         "visible":true,
         "width":64,
         "x":0,
         "y":0
        }, 
        {
         "data":[0, 0, 0, 0, 0, 0, 0, 0, 0, 0, 0, 0, 0, 0, 0, 0, 0, 0, 0, 0, 0, 0, 0, 0, 0, 0, 0, 0, 0, 0, 0, 0, 0, 0, 0, 0, 0, 0, 0, 0, 0, 0, 0, 0, 0, 0, 0, 0, 0, 0, 0, 0, 0, 0, 0, 0, 0, 0, 0, 0, 0, 0, 0, 0,
            0, 0, 0, 0, 0, 0, 0, 0, 0, 0, 0, 0, 0, 0, 0, 0, 0, 0, 0, 0, 0, 0, 0, 0, 0, 0, 0, 0, 0, 0, 0, 0, 0, 0, 0, 0, 0, 0, 0, 0, 0, 0, 0, 0, 0, 0, 0, 0, 0, 0, 0, 0, 0, 0, 0, 0, 0, 0, 0, 0, 0, 0, 0, 0,
            0, 0, 0, 0, 0, 0, 0, 0, 0, 0, 0, 0, 0, 0, 0, 0, 0, 0, 0, 0, 0, 0, 0, 0, 0, 0, 0, 0, 0, 0, 0, 0, 0, 0, 0, 0, 0, 0, 0, 0, 0, 0, 0, 0, 0, 0, 0, 0, 0, 0, 0, 0, 0, 0, 0, 0, 0, 0, 0, 0, 0, 0, 0, 0,
            0, 0, 0, 0, 0, 0, 0, 0, 0, 0, 0, 0, 0, 0, 0, 0, 0, 0, 0, 0, 0, 0, 0, 0, 0, 0, 0, 0, 0, 0, 0, 0, 0, 0, 0, 0, 0, 0, 0, 0, 0, 0, 0, 0, 0, 0, 0, 0, 0, 0, 0, 0, 0, 0, 0, 0, 0, 0, 0, 0, 0, 0, 0, 0,
            0, 0, 0, 0, 0, 0, 0, 0, 0, 0, 0, 0, 0, 0, 0, 0, 0, 0, 0, 0, 0, 0, 0, 0, 0, 0, 0, 0, 0, 0, 0, 0, 0, 0, 0, 0, 0, 0, 0, 0, 0, 0, 0, 0, 0, 0, 0, 0, 0, 0, 0, 0, 0, 0, 0, 0, 0, 0, 0, 0, 0, 0, 0, 0,
            0, 0, 0, 0, 0, 0, 0, 0, 0, 0, 0, 0, 0, 0, 0, 0, 0, 0, 0, 0, 0, 0, 0, 0, 0, 0, 0, 0, 0, 0, 0, 0, 0, 0, 0, 0, 0, 0, 0, 0, 0, 0, 0, 0, 0, 0, 0, 0, 0, 0, 0, 0, 0, 0, 0, 0, 0, 0, 0, 0, 0, 0, 0, 0,
            0, 0, 0, 0, 0, 0, 0, 0, 0, 0, 0, 0, 0, 0, 0, 0, 0, 0, 0, 0, 0, 0, 0, 0, 0, 0, 0, 0, 0, 0, 0, 0, 0, 0, 0, 0, 0, 0, 0, 0, 0, 0, 0, 0, 0, 0, 0, 0, 0, 0, 0, 0, 0, 0, 0, 0, 0, 0, 0, 0, 0, 0, 0, 0,
            0, 0, 0, 0, 0, 0, 0, 0, 0, 0, 0, 0, 0, 0, 0, 0, 0, 0, 0, 0, 0, 0, 0, 0, 0, 0, 0, 0, 0, 0, 0, 0, 0, 0, 0, 0, 0, 0, 0, 0, 0, 0, 0, 0, 0, 0, 0, 0, 0, 0, 0, 0, 0, 0, 0, 0, 0, 0, 0, 0, 0, 0, 0, 0,
            0, 0, 0, 0, 0, 0, 0, 0, 0, 0, 0, 0, 0, 0, 0, 0, 0, 0, 0, 0, 0, 0, 0, 0, 0, 0, 0, 0, 0, 0, 0, 0, 0, 0, 0, 0, 0, 0, 0, 0, 0, 0, 0, 0, 0, 0, 0, 0, 0, 0, 0, 0, 0, 0, 0, 0, 0, 0, 0, 0, 0, 0, 0, 0,
            0, 0, 0, 0, 0, 0, 0, 0, 0, 0, 0, 0, 0, 0, 0, 0, 0, 0, 0, 0, 0, 0, 0, 0, 0, 0, 0, 0, 0, 0, 0, 0, 0, 0, 0, 0, 0, 0, 0, 0, 0, 0, 0, 0, 0, 0, 0, 0, 0, 0, 0, 0, 0, 0, 0, 0, 0, 0, 0, 0, 0, 0, 0, 0,
            0, 0, 0, 0, 0, 0, 0, 0, 0, 0, 0, 0, 0, 0, 0, 0, 0, 0, 0, 0, 0, 0, 0, 0, 0, 0, 0, 0, 0, 0, 0, 0, 0, 0, 0, 0, 0, 0, 0, 0, 0, 0, 0, 0, 0, 0, 0, 0, 0, 0, 0, 0, 0, 0, 0, 0, 0, 0, 0, 0, 0, 0, 0, 0,
            0, 0, 0, 0, 0, 0, 0, 0, 0, 0, 0, 0, 0, 0, 0, 0, 0, 0, 0, 0, 0, 0, 0, 0, 0, 0, 0, 0, 0, 0, 0, 0, 0, 0, 0, 0, 0, 0, 0, 0, 0, 0, 0, 0, 0, 0, 0, 0, 0, 0, 0, 0, 0, 0, 0, 0, 0, 0, 0, 0, 0, 0, 0, 0,
            0, 0, 0, 0, 0, 0, 0, 0, 0, 0, 0, 0, 0, 0, 0, 0, 0, 0, 0, 0, 0, 0, 0, 0, 0, 0, 0, 0, 0, 0, 0, 0, 0, 0, 0, 0, 0, 0, 0, 0, 0, 0, 0, 0, 0, 0, 0, 0, 0, 0, 0, 0, 0, 0, 0, 0, 0, 0, 0, 0, 0, 0, 0, 0,
            0, 0, 0, 0, 0, 0, 0, 0, 0, 0, 0, 0, 0, 0, 0, 0, 0, 0, 0, 0, 0, 0, 0, 0, 0, 0, 0, 0, 0, 0, 0, 0, 0, 0, 0, 0, 0, 0, 0, 0, 0, 0, 0, 0, 0, 0, 0, 0, 0, 0, 0, 0, 0, 0, 0, 0, 0, 0, 0, 0, 0, 0, 0, 0,
            0, 0, 0, 0, 0, 0, 0, 0, 0, 0, 0, 0, 0, 0, 0, 0, 0, 0, 0, 0, 0, 0, 0, 0, 0, 0, 0, 0, 0, 0, 0, 0, 0, 0, 0, 0, 0, 0, 0, 0, 0, 0, 0, 0, 0, 0, 0, 0, 0, 0, 0, 0, 0, 0, 0, 0, 0, 0, 0, 0, 0, 0, 0, 0,
            0, 0, 0, 0, 0, 0, 0, 0, 0, 0, 0, 0, 0, 4, 4, 4, 4, 4, 4, 0, 0, 0, 0, 0, 0, 0, 0, 0, 0, 0, 0, 0, 0, 0, 0, 0, 0, 0, 0, 0, 0, 0, 0, 0, 0, 0, 0, 0, 0, 0, 0, 0, 0, 0, 0, 0, 0, 0, 0, 0, 0, 0, 0, 0,
            4, 4, 4, 4, 4, 4, 4, 4, 4, 4, 4, 4, 4, 4, 4, 4, 4, 4, 4, 4, 4, 4, 4, 4, 4, 4, 4, 4, 4, 4, 4, 4, 4, 4, 4, 4, 4, 4, 4, 4, 4, 4, 4, 4, 4, 4, 4, 4, 4, 4, 4, 4, 4, 4, 4, 4, 4, 4, 4, 4, 4, 4, 4, 4],
         "height":17,
         "id":11,
         "name":"Macchine-2",
         "opacity":1,
         "type":"tilelayer",
         "visible":true,
         "width":64,
         "x":0,
         "y":0
        }, 
        {
         "draworder":"topdown",
         "id":7,
         "name":"nemico-2",
         "objects":[
                {
                 "class":"",
                 "gid":578,
                 "height":38,
                 "id":1,
                 "name":"nemico2",
                 "rotation":0,
                 "visible":true,
                 "width":49,
                 "x":1109,
                 "y":413
                }, 
                {
                 "class":"",
                 "gid":578,
                 "height":38,
                 "id":2,
                 "name":"nemico1",
                 "rotation":0,
                 "visible":true,
                 "width":49,
                 "x":500,
                 "y":384
                }, 
                {
                 "class":"",
                 "gid":578,
                 "height":38,
                 "id":3,
                 "name":"nemico4",
                 "rotation":0,
                 "visible":true,
                 "width":49,
                 "x":1673,
                 "y":320
                }, 
                {
                 "class":"",
                 "gid":578,
                 "height":38,
                 "id":5,
                 "name":"nemico3",
                 "rotation":0,
                 "visible":true,
                 "width":49,
                 "x":846,
                 "y":383
                }],
         "opacity":1,
         "type":"objectgroup",
         "visible":true,
         "x":0,
         "y":0
        }, 
        {
         "data":[0, 0, 0, 0, 0, 0, 0, 0, 0, 0, 0, 0, 0, 0, 0, 0, 0, 0, 0, 0, 0, 0, 0, 0, 0, 0, 0, 0, 0, 0, 0, 0, 0, 0, 0, 0, 0, 0, 0, 0, 0, 0, 0, 0, 0, 0, 0, 0, 0, 0, 0, 0, 0, 0, 0, 0, 0, 0, 0, 0, 0, 0, 0, 0,
            0, 0, 0, 0, 0, 0, 0, 0, 0, 0, 0, 0, 0, 0, 0, 0, 0, 0, 0, 0, 0, 0, 0, 0, 0, 0, 0, 0, 0, 0, 0, 0, 0, 0, 0, 0, 0, 0, 0, 0, 0, 0, 0, 0, 0, 0, 0, 0, 0, 0, 0, 0, 0, 0, 0, 0, 0, 0, 0, 0, 0, 0, 0, 0,
            0, 0, 0, 0, 0, 0, 0, 0, 0, 0, 0, 0, 0, 0, 0, 0, 0, 0, 0, 0, 0, 0, 0, 0, 0, 0, 0, 0, 0, 0, 0, 0, 0, 0, 0, 0, 0, 0, 0, 0, 0, 0, 0, 0, 0, 0, 0, 0, 0, 0, 0, 0, 0, 0, 0, 0, 0, 0, 0, 0, 0, 0, 0, 0,
            0, 0, 0, 0, 0, 0, 0, 0, 0, 0, 0, 0, 0, 0, 0, 0, 0, 0, 0, 0, 0, 0, 0, 0, 0, 0, 0, 0, 0, 0, 0, 0, 0, 0, 0, 0, 0, 0, 0, 0, 0, 0, 0, 0, 0, 0, 0, 0, 0, 0, 0, 0, 0, 0, 0, 0, 0, 0, 0, 0, 0, 0, 0, 0,
            0, 0, 0, 0, 0, 0, 0, 0, 0, 0, 0, 0, 0, 0, 0, 0, 0, 0, 0, 0, 0, 0, 0, 0, 0, 0, 0, 0, 0, 0, 0, 0, 0, 0, 0, 0, 0, 0, 0, 0, 0, 0, 0, 0, 0, 0, 0, 0, 0, 0, 0, 0, 0, 0, 0, 0, 0, 0, 0, 0, 0, 0, 0, 0,
            0, 0, 0, 0, 0, 0, 0, 0, 0, 0, 0, 0, 0, 0, 0, 0, 0, 0, 0, 0, 0, 0, 0, 0, 0, 0, 0, 0, 0, 0, 0, 0, 0, 0, 0, 0, 0, 0, 0, 0, 0, 0, 0, 0, 0, 0, 0, 0, 0, 0, 0, 0, 0, 0, 0, 0, 0, 0, 0, 0, 0, 0, 0, 0,
            0, 0, 0, 0, 0, 0, 0, 0, 0, 0, 0, 0, 0, 0, 0, 0, 0, 0, 0, 0, 0, 0, 0, 0, 0, 0, 0, 0, 0, 0, 0, 0, 0, 0, 0, 0, 0, 0, 0, 0, 0, 0, 0, 0, 0, 0, 0, 0, 0, 0, 0, 0, 0, 0, 0, 0, 0, 0, 0, 0, 0, 0, 0, 0,
            0, 0, 0, 0, 0, 0, 0, 0, 0, 0, 0, 0, 0, 0, 0, 0, 0, 0, 0, 0, 0, 0, 0, 0, 0, 0, 0, 0, 0, 0, 0, 0, 0, 0, 0, 0, 0, 0, 0, 0, 0, 0, 0, 0, 0, 0, 0, 0, 0, 0, 0, 0, 0, 0, 0, 0, 0, 0, 0, 0, 0, 0, 0, 0,
            0, 0, 0, 0, 0, 0, 0, 0, 0, 0, 0, 0, 0, 0, 0, 0, 0, 0, 0, 0, 0, 0, 0, 0, 0, 0, 0, 0, 0, 0, 0, 0, 0, 0, 0, 0, 0, 0, 0, 0, 0, 0, 0, 0, 0, 0, 0, 0, 0, 0, 0, 0, 0, 0, 0, 0, 0, 0, 0, 0, 0, 0, 0, 0,
            0, 0, 0, 0, 0, 0, 0, 0, 0, 0, 0, 0, 0, 0, 0, 0, 0, 0, 0, 0, 0, 0, 0, 0, 0, 0, 0, 0, 0, 0, 0, 0, 0, 0, 0, 0, 0, 0, 0, 0, 0, 0, 0, 0, 0, 100, 0, 0, 0, 0, 0, 0, 0, 0, 100, 0, 0, 0, 0, 0, 0, 0, 0, 0,
            0, 0, 0, 0, 0, 0, 0, 0, 0, 0, 0, 0, 0, 0, 0, 0, 0, 0, 0, 0, 0, 0, 0, 0, 0, 0, 0, 0, 0, 0, 0, 0, 0, 0, 0, 0, 0, 0, 0, 0, 0, 0, 0, 0, 0, 0, 0, 0, 0, 0, 0, 0, 0, 0, 0, 0, 0, 0, 0, 0, 0, 0, 0, 0,
            0, 0, 0, 0, 0, 0, 0, 0, 0, 0, 0, 0, 0, 0, 100, 0, 0, 100, 0, 0, 0, 0, 0, 0, 0, 100, 0, 0, 100, 0, 0, 0, 0, 0, 0, 0, 0, 0, 0, 0, 0, 0, 0, 0, 0, 0, 0, 0, 0, 0, 0, 0, 0, 0, 0, 0, 0, 0, 0, 0, 0, 0, 0, 0,
            0, 0, 0, 0, 0, 0, 0, 0, 0, 0, 0, 0, 0, 0, 0, 0, 0, 0, 0, 0, 0, 0, 0, 0, 0, 0, 0, 0, 0, 100, 0, 0, 0, 0, 0, 0, 0, 100, 0, 0, 0, 0, 0, 0, 0, 0, 0, 0, 0, 0, 0, 0, 0, 0, 0, 0, 0, 0, 0, 0, 0, 0, 0, 0,
            0, 0, 0, 0, 0, 0, 0, 0, 0, 0, 0, 0, 0, 0, 0, 0, 0, 0, 0, 0, 0, 0, 0, 0, 0, 0, 0, 0, 0, 0, 0, 0, 0, 0, 0, 0, 0, 0, 0, 0, 0, 0, 0, 0, 0, 0, 0, 0, 0, 0, 0, 0, 0, 0, 0, 0, 0, 0, 0, 0, 0, 0, 0, 0,
            0, 0, 0, 0, 0, 0, 0, 0, 0, 0, 0, 0, 0, 0, 0, 0, 0, 0, 0, 0, 0, 0, 0, 0, 0, 0, 0, 0, 0, 0, 0, 0, 0, 0, 0, 0, 0, 0, 0, 0, 0, 0, 0, 0, 0, 0, 0, 0, 0, 0, 0, 0, 0, 0, 0, 0, 0, 0, 0, 0, 0, 0, 0, 0,
            0, 0, 0, 0, 0, 0, 0, 0, 0, 0, 0, 0, 0, 0, 0, 0, 0, 0, 0, 0, 0, 0, 0, 0, 0, 0, 0, 0, 0, 0, 0, 0, 0, 0, 0, 0, 0, 0, 0, 0, 0, 0, 0, 0, 0, 0, 0, 0, 0, 0, 0, 0, 0, 0, 0, 0, 0, 0, 0, 0, 0, 0, 0, 0,
            0, 0, 0, 0, 0, 0, 0, 0, 0, 0, 0, 0, 0, 0, 0, 0, 0, 0, 0, 0, 0, 0, 0, 0, 0, 0, 0, 0, 0, 0, 0, 0, 0, 0, 0, 0, 0, 0, 0, 0, 0, 0, 0, 0, 0, 0, 0, 0, 0, 0, 0, 0, 0, 0, 0, 0, 0, 0, 0, 0, 0, 0, 0, 0],
         "height":17,
         "id":10,
         "name":"BlocchiNem-2",
         "opacity":1,
         "type":"tilelayer",
         "visible":true,
         "width":64,
         "x":0,
         "y":0
        }, 
        {
         "data":[0, 0, 0, 0, 0, 0, 0, 0, 0, 0, 0, 0, 0, 0, 0, 0, 0, 0, 0, 0, 0, 0, 0, 0, 0, 0, 0, 0, 0, 0, 0, 0, 0, 0, 0, 0, 0, 0, 0, 0, 0, 0, 0, 0, 0, 0, 0, 0, 0, 0, 0, 0, 0, 0, 0, 0, 0, 0, 0, 0, 0, 0, 0, 0,
            0, 0, 0, 0, 0, 0, 0, 0, 0, 0, 0, 0, 0, 0, 0, 0, 0, 0, 0, 0, 0, 0, 0, 0, 0, 0, 0, 0, 0, 0, 0, 0, 0, 0, 0, 0, 0, 0, 0, 0, 0, 0, 0, 0, 0, 0, 0, 0, 0, 0, 0, 0, 0, 0, 0, 0, 0, 0, 0, 0, 0, 0, 0, 0,
            0, 0, 0, 0, 0, 0, 0, 0, 0, 0, 0, 0, 0, 0, 0, 0, 0, 0, 0, 0, 0, 0, 0, 0, 0, 0, 0, 0, 0, 0, 0, 0, 0, 0, 0, 0, 0, 0, 0, 0, 0, 0, 0, 0, 0, 0, 0, 0, 0, 0, 0, 0, 0, 0, 0, 0, 0, 0, 0, 0, 0, 0, 0, 0,
            0, 0, 0, 0, 0, 0, 0, 0, 0, 0, 0, 0, 0, 0, 0, 0, 0, 0, 0, 0, 0, 0, 0, 0, 0, 0, 0, 0, 0, 0, 0, 0, 0, 0, 0, 0, 0, 0, 0, 0, 0, 0, 0, 0, 0, 0, 0, 0, 0, 0, 0, 0, 0, 0, 0, 0, 0, 0, 0, 0, 0, 0, 0, 0,
            0, 0, 0, 0, 0, 0, 0, 0, 0, 0, 0, 0, 0, 0, 0, 0, 0, 0, 0, 0, 0, 0, 0, 0, 0, 0, 0, 0, 0, 0, 0, 0, 0, 0, 0, 0, 0, 0, 0, 0, 0, 0, 0, 0, 0, 0, 0, 0, 0, 0, 0, 0, 0, 0, 0, 0, 0, 0, 0, 0, 0, 0, 0, 0,
            0, 0, 0, 0, 0, 0, 0, 0, 0, 0, 0, 0, 0, 0, 0, 0, 0, 0, 0, 0, 0, 0, 0, 0, 0, 0, 0, 0, 0, 0, 0, 0, 0, 0, 0, 0, 0, 0, 0, 0, 0, 0, 0, 0, 0, 0, 0, 0, 0, 0, 0, 0, 0, 0, 0, 0, 0, 0, 0, 0, 0, 0, 0, 0,
            0, 0, 0, 0, 0, 0, 0, 0, 0, 0, 0, 0, 0, 0, 0, 0, 0, 0, 0, 0, 0, 0, 0, 0, 0, 0, 0, 0, 0, 0, 0, 0, 0, 0, 0, 0, 0, 0, 0, 0, 0, 0, 0, 0, 0, 0, 0, 0, 0, 0, 0, 0, 0, 0, 0, 0, 0, 0, 0, 0, 0, 0, 0, 0,
            0, 0, 0, 0, 0, 0, 0, 0, 0, 0, 0, 0, 0, 0, 0, 0, 0, 0, 0, 0, 0, 0, 0, 0, 0, 0, 0, 0, 0, 0, 0, 0, 0, 0, 0, 0, 0, 0, 0, 0, 0, 0, 0, 0, 0, 0, 0, 0, 0, 0, 0, 0, 0, 0, 0, 0, 0, 0, 0, 0, 0, 0, 0, 0,
            0, 0, 0, 0, 0, 0, 0, 0, 0, 0, 0, 0, 0, 0, 0, 0, 0, 0, 0, 0, 0, 0, 0, 0, 0, 0, 0, 0, 0, 0, 0, 0, 0, 0, 0, 0, 0, 0, 0, 0, 0, 0, 0, 0, 0, 0, 0, 0, 0, 0, 0, 0, 0, 0, 0, 0, 0, 0, 0, 0, 0, 0, 0, 0,
            0, 0, 0, 0, 0, 0, 0, 0, 0, 0, 0, 0, 0, 0, 0, 0, 0, 0, 0, 0, 0, 0, 0, 0, 0, 0, 0, 0, 0, 0, 0, 0, 0, 0, 0, 0, 0, 0, 0, 0, 0, 0, 0, 0, 0, 0, 0, 0, 0, 0, 0, 0, 0, 0, 0, 0, 0, 0, 0, 0, 0, 0, 0, 0,
            0, 0, 0, 0, 0, 0, 0, 0, 0, 0, 0, 0, 0, 0, 0, 0, 0, 0, 0, 0, 0, 0, 0, 0, 0, 0, 0, 0, 0, 0, 0, 0, 0, 0, 0, 0, 0, 0, 0, 0, 0, 0, 0, 0, 0, 0, 35, 35, 35, 35, 35, 35, 35, 35, 0, 0, 0, 0, 0, 0, 0, 0, 0, 0,
            0, 0, 0, 0, 0, 0, 0, 0, 0, 0, 0, 0, 0, 0, 0, 0, 0, 0, 0, 0, 0, 0, 0, 0, 0, 0, 0, 0, 0, 0, 0, 0, 0, 0, 0, 0, 0, 0, 0, 0, 0, 0, 0, 0, 0, 0, 0, 0, 0, 0, 0, 0, 0, 0, 0, 0, 0, 0, 0, 0, 0, 0, 0, 0,
            35, 35, 35, 35, 0, 0, 35, 35, 35, 0, 0, 0, 0, 0, 0, 35, 35, 0, 0, 35, 35, 35, 0, 0, 0, 0, 35, 35, 0, 0, 0, 0, 0, 0, 0, 0, 0, 0, 0, 0, 0, 0, 35, 35, 35, 0, 0, 0, 0, 0, 0, 0, 0, 0, 0, 0, 0, 0, 0, 0, 0, 35, 35, 35,
            0, 0, 35, 35, 0, 0, 35, 0, 35, 0, 0, 35, 35, 0, 0, 0, 0, 0, 0, 0, 0, 0, 0, 0, 0, 35, 35, 35, 0, 0, 35, 35, 35, 35, 35, 35, 35, 0, 0, 0, 0, 0, 0, 0, 0, 0, 0, 0, 0, 0, 0, 0, 0, 0, 0, 0, 0, 0, 0, 0, 35, 35, 35, 35,
            0, 0, 35, 35, 0, 0, 35, 0, 35, 0, 0, 0, 0, 0, 0, 0, 0, 0, 0, 0, 0, 0, 0, 0, 0, 35, 35, 35, 0, 0, 35, 0, 0, 0, 0, 0, 35, 35, 35, 35, 0, 0, 0, 0, 0, 0, 0, 0, 0, 0, 0, 0, 0, 0, 0, 35, 35, 35, 35, 35, 35, 0, 35, 35,
            0, 0, 0, 35, 0, 0, 35, 0, 35, 0, 0, 0, 0, 0, 0, 0, 0, 0, 0, 0, 0, 0, 0, 0, 0, 35, 35, 35, 0, 0, 35, 35, 35, 35, 35, 35, 35, 35, 35, 35, 0, 0, 0, 0, 0, 0, 0, 0, 35, 35, 35, 35, 0, 0, 0, 35, 35, 35, 35, 35, 35, 35, 35, 35,
            0, 0, 0, 0, 0, 0, 0, 0, 0, 0, 0, 0, 0, 0, 0, 0, 0, 0, 0, 0, 0, 0, 0, 0, 0, 0, 0, 0, 0, 0, 0, 0, 0, 0, 0, 0, 0, 0, 0, 0, 0, 0, 0, 0, 0, 0, 0, 0, 0, 0, 0, 0, 0, 0, 0, 0, 0, 0, 0, 0, 0, 0, 0, 0],
         "height":17,
         "id":8,
         "name":"Collide-2",
         "opacity":1,
         "type":"tilelayer",
         "visible":true,
         "width":64,
         "x":0,
         "y":0
        }, 
        {
         "data":[0, 0, 0, 0, 0, 0, 0, 0, 0, 0, 0, 0, 0, 0, 0, 0, 0, 0, 0, 0, 0, 0, 0, 0, 0, 0, 0, 0, 0, 0, 0, 0, 0, 0, 0, 0, 0, 0, 0, 0, 0, 0, 0, 0, 0, 0, 0, 0, 0, 0, 0, 0, 0, 0, 0, 0, 0, 0, 0, 0, 0, 0, 0, 0,
            0, 0, 0, 0, 0, 0, 0, 0, 0, 0, 0, 0, 0, 0, 0, 0, 0, 0, 0, 0, 0, 0, 0, 0, 0, 0, 0, 0, 0, 0, 0, 0, 0, 0, 0, 0, 0, 0, 0, 0, 0, 0, 0, 0, 0, 0, 0, 0, 0, 0, 0, 0, 0, 0, 0, 0, 0, 0, 0, 0, 0, 0, 0, 0,
            0, 0, 0, 0, 0, 0, 0, 0, 0, 0, 0, 0, 0, 0, 0, 0, 0, 0, 0, 0, 0, 0, 0, 0, 0, 0, 0, 0, 0, 0, 0, 0, 0, 0, 0, 0, 0, 0, 0, 0, 0, 0, 0, 0, 0, 0, 0, 0, 0, 0, 0, 0, 0, 0, 0, 0, 0, 0, 0, 0, 0, 0, 0, 0,
            0, 0, 0, 0, 0, 0, 0, 0, 0, 0, 0, 0, 0, 0, 0, 0, 0, 0, 0, 0, 0, 0, 0, 0, 0, 0, 0, 0, 0, 0, 0, 0, 0, 0, 0, 0, 0, 0, 0, 0, 0, 0, 0, 0, 0, 0, 0, 0, 0, 0, 0, 0, 0, 0, 0, 0, 0, 0, 0, 0, 0, 0, 0, 0,
            0, 0, 0, 0, 0, 0, 0, 0, 0, 0, 0, 0, 0, 0, 0, 0, 0, 0, 0, 0, 0, 0, 0, 0, 0, 0, 0, 0, 0, 0, 0, 0, 0, 0, 0, 0, 0, 0, 0, 0, 0, 0, 0, 0, 0, 0, 0, 0, 0, 0, 0, 0, 0, 0, 0, 0, 0, 0, 0, 0, 0, 0, 0, 0,
            0, 0, 0, 0, 0, 0, 0, 0, 0, 0, 0, 0, 0, 0, 0, 0, 0, 0, 0, 0, 0, 0, 0, 0, 0, 0, 0, 0, 0, 0, 0, 0, 0, 0, 0, 0, 0, 0, 0, 0, 0, 0, 0, 0, 0, 0, 0, 0, 0, 0, 0, 0, 0, 0, 0, 0, 0, 0, 0, 0, 0, 0, 0, 0,
            0, 0, 0, 0, 0, 0, 0, 0, 0, 0, 0, 0, 0, 0, 0, 0, 0, 0, 0, 0, 0, 0, 0, 0, 0, 0, 0, 0, 0, 0, 0, 0, 0, 0, 0, 0, 0, 0, 0, 0, 0, 0, 0, 0, 0, 0, 0, 0, 0, 0, 0, 0, 0, 0, 0, 0, 0, 0, 0, 0, 0, 0, 0, 0,
            0, 0, 0, 0, 0, 0, 0, 0, 0, 0, 0, 0, 0, 0, 0, 0, 0, 0, 0, 0, 0, 0, 0, 0, 0, 0, 0, 0, 0, 0, 0, 0, 0, 0, 0, 0, 0, 0, 0, 0, 0, 0, 0, 0, 0, 0, 0, 0, 0, 0, 0, 0, 0, 0, 0, 0, 0, 0, 0, 0, 0, 0, 0, 0,
            0, 0, 0, 0, 0, 0, 0, 0, 0, 0, 0, 0, 0, 0, 0, 0, 0, 0, 0, 0, 0, 0, 0, 0, 0, 0, 0, 0, 0, 0, 0, 0, 0, 0, 0, 0, 0, 0, 0, 0, 0, 0, 0, 0, 0, 0, 0, 0, 0, 0, 0, 0, 0, 0, 0, 0, 0, 0, 0, 0, 0, 0, 0, 0,
            0, 0, 0, 0, 0, 0, 0, 0, 0, 0, 0, 0, 0, 0, 0, 0, 0, 0, 0, 0, 0, 0, 0, 0, 0, 0, 0, 0, 0, 0, 0, 0, 0, 0, 0, 0, 0, 0, 0, 0, 0, 0, 0, 0, 0, 0, 0, 0, 0, 0, 0, 0, 0, 0, 0, 0, 0, 0, 0, 0, 0, 0, 0, 0,
            0, 0, 0, 0, 0, 0, 0, 0, 0, 0, 0, 0, 0, 0, 0, 0, 0, 0, 0, 0, 0, 0, 0, 0, 0, 0, 0, 0, 0, 0, 0, 0, 0, 0, 0, 0, 0, 0, 0, 0, 0, 0, 0, 0, 0, 197, 198, 199, 199, 199, 199, 199, 199, 200, 0, 0, 0, 0, 0, 0, 0, 0, 0, 0,
            0, 0, 0, 0, 0, 0, 0, 0, 0, 0, 0, 0, 0, 0, 0, 0, 0, 0, 0, 0, 0, 0, 0, 0, 0, 0, 0, 0, 0, 0, 0, 0, 0, 0, 0, 0, 0, 0, 0, 0, 0, 0, 0, 0, 0, 0, 0, 0, 0, 0, 0, 0, 0, 0, 0, 0, 0, 0, 0, 0, 0, 0, 0, 0,
            15, 15, 15, 260, 0, 0, 258, 15, 260, 0, 0, 0, 0, 0, 0, 194, 196, 0, 0, 198, 199, 200, 0, 0, 0, 0, 258, 260, 0, 0, 0, 0, 0, 0, 0, 0, 0, 0, 0, 0, 0, 0, 194, 195, 196, 0, 0, 0, 0, 0, 0, 0, 0, 0, 0, 0, 0, 0, 0, 0, 0, 262, 263, 264,
            43, 43, 43, 48, 0, 0, 42, 47, 44, 0, 0, 194, 196, 0, 0, 0, 0, 0, 0, 0, 0, 0, 0, 0, 0, 258, 47, 44, 0, 0, 258, 259, 259, 259, 259, 259, 260, 0, 0, 0, 0, 0, 0, 0, 0, 0, 0, 0, 0, 0, 0, 0, 0, 0, 0, 0, 0, 0, 0, 0, 262, 47, 47, 47,
            43, 43, 43, 48, 0, 0, 42, 47, 44, 0, 0, 0, 0, 0, 0, 0, 0, 0, 0, 0, 0, 0, 0, 0, 0, 42, 47, 44, 0, 0, 46, 47, 47, 47, 47, 47, 47, 259, 259, 260, 0, 0, 0, 0, 0, 0, 0, 0, 0, 0, 0, 0, 0, 0, 0, 262, 263, 263, 263, 263, 47, 47, 47, 47,
            43, 43, 43, 48, 0, 0, 42, 47, 44, 0, 0, 0, 0, 0, 0, 0, 0, 0, 0, 0, 0, 0, 0, 0, 0, 42, 47, 44, 0, 0, 46, 43, 43, 43, 43, 43, 43, 43, 43, 2147483694, 0, 0, 0, 0, 0, 0, 0, 0, 270, 271, 271, 272, 0, 0, 0, 43, 43, 43, 43, 43, 47, 47, 47, 47,
            0, 0, 0, 0, 0, 0, 0, 0, 0, 0, 0, 0, 0, 0, 0, 0, 0, 0, 0, 0, 0, 0, 0, 0, 0, 0, 0, 0, 0, 0, 0, 0, 0, 0, 0, 0, 0, 0, 0, 0, 0, 0, 0, 0, 0, 0, 0, 0, 0, 0, 0, 0, 0, 0, 0, 0, 0, 0, 0, 0, 0, 0, 0, 0],
         "height":17,
         "id":5,
         "name":"Pavimento-2",
         "opacity":1,
         "type":"tilelayer",
         "visible":true,
         "width":64,
         "x":0,
         "y":0
        }],
 "nextlayerid":12,
 "nextobjectid":6,
 "orientation":"orthogonal",
 "renderorder":"right-down",
 "tiledversion":"1.9.2",
 "tileheight":32,
 "tilesets":[
        {
         "columns":1,
         "firstgid":1,
         "image":"caverna.png",
         "imageheight":600,
         "imagewidth":1024,
         "margin":0,
         "name":"caverna",
         "spacing":0,
         "tilecount":1,
         "tileheight":600,
         "tilewidth":1024
        }, 
        {
         "columns":32,
         "firstgid":2,
         "image":"blocchi_caverna.png",
         "imageheight":576,
         "imagewidth":1024,
         "margin":0,
         "name":"blocchi_caverna",
         "spacing":0,
         "tilecount":576,
         "tileheight":32,
         "tiles":[
                {
                 "id":0,
                 "properties":[
                        {
                         "name":"collide",
                         "type":"bool",
                         "value":false
                        }]
                }, 
                {
                 "id":1,
                 "properties":[
                        {
                         "name":"collide",
                         "type":"bool",
                         "value":false
                        }]
                }, 
                {
                 "id":2,
                 "properties":[
                        {
                         "name":"kill",
                         "type":"bool",
                         "value":true
                        }]
                }, 
                {
                 "id":3,
                 "properties":[
                        {
                         "name":"collide",
                         "type":"bool",
                         "value":false
                        }]
                }, 
                {
                 "id":4,
                 "properties":[
                        {
                         "name":"collide",
                         "type":"bool",
                         "value":false
                        }]
                }, 
                {
                 "id":5,
                 "properties":[
                        {
                         "name":"collide",
                         "type":"bool",
                         "value":false
                        }]
                }, 
                {
                 "id":6,
                 "properties":[
                        {
                         "name":"collide",
                         "type":"bool",
                         "value":false
                        }]
                }, 
                {
                 "id":7,
                 "properties":[
                        {
                         "name":"collide",
                         "type":"bool",
                         "value":false
                        }]
                }, 
                {
                 "id":8,
                 "properties":[
                        {
                         "name":"collide",
                         "type":"bool",
                         "value":false
                        }]
                }, 
                {
                 "id":9,
                 "properties":[
                        {
                         "name":"collide",
                         "type":"bool",
                         "value":false
                        }]
                }, 
                {
                 "id":10,
                 "properties":[
                        {
                         "name":"collide",
                         "type":"bool",
                         "value":false
                        }]
                }, 
                {
                 "id":11,
                 "properties":[
                        {
                         "name":"collide",
                         "type":"bool",
                         "value":false
                        }]
                }, 
                {
                 "id":12,
                 "properties":[
                        {
                         "name":"collide",
                         "type":"bool",
                         "value":false
                        }]
                }, 
                {
                 "id":13,
                 "properties":[
                        {
                         "name":"collide",
                         "type":"bool",
                         "value":false
                        }]
                }, 
                {
                 "id":14,
                 "properties":[
                        {
                         "name":"collide",
                         "type":"bool",
                         "value":false
                        }]
                }, 
                {
                 "id":15,
                 "properties":[
                        {
                         "name":"collide",
                         "type":"bool",
                         "value":false
                        }]
                }, 
                {
                 "id":16,
                 "properties":[
                        {
                         "name":"collide",
                         "type":"bool",
                         "value":false
                        }]
                }, 
                {
                 "id":17,
                 "properties":[
                        {
                         "name":"collide",
                         "type":"bool",
                         "value":false
                        }]
                }, 
                {
                 "id":18,
                 "properties":[
                        {
                         "name":"collide",
                         "type":"bool",
                         "value":false
                        }]
                }, 
                {
                 "id":19,
                 "properties":[
                        {
                         "name":"collide",
                         "type":"bool",
                         "value":false
                        }]
                }, 
                {
                 "id":20,
                 "properties":[
                        {
                         "name":"collide",
                         "type":"bool",
                         "value":false
                        }]
                }, 
                {
                 "id":21,
                 "properties":[
                        {
                         "name":"collide",
                         "type":"bool",
                         "value":false
                        }]
                }, 
                {
                 "id":22,
                 "properties":[
                        {
                         "name":"collide",
                         "type":"bool",
                         "value":false
                        }]
                }, 
                {
                 "id":23,
                 "properties":[
                        {
                         "name":"collide",
                         "type":"bool",
                         "value":false
                        }]
                }, 
                {
                 "id":24,
                 "properties":[
                        {
                         "name":"collide",
                         "type":"bool",
                         "value":false
                        }]
                }, 
                {
                 "id":25,
                 "properties":[
                        {
                         "name":"collide",
                         "type":"bool",
                         "value":false
                        }]
                }, 
                {
                 "id":26,
                 "properties":[
                        {
                         "name":"collide",
                         "type":"bool",
                         "value":false
                        }]
                }, 
                {
                 "id":27,
                 "properties":[
                        {
                         "name":"collide",
                         "type":"bool",
                         "value":false
                        }]
                }, 
                {
                 "id":28,
                 "properties":[
                        {
                         "name":"collide",
                         "type":"bool",
                         "value":false
                        }]
                }, 
                {
                 "id":29,
                 "properties":[
                        {
                         "name":"collide",
                         "type":"bool",
                         "value":false
                        }]
                }, 
                {
                 "id":30,
                 "properties":[
                        {
                         "name":"collide",
                         "type":"bool",
                         "value":false
                        }]
                }, 
                {
                 "id":31,
                 "properties":[
                        {
                         "name":"collide",
                         "type":"bool",
                         "value":false
                        }]
                }, 
                {
                 "id":32,
                 "properties":[
                        {
                         "name":"collide",
                         "type":"bool",
                         "value":false
                        }]
                }, 
                {
                 "id":33,
                 "properties":[
                        {
                         "name":"collide",
                         "type":"bool",
                         "value":true
                        }]
                }, 
                {
                 "id":34,
                 "properties":[
                        {
                         "name":"collide",
                         "type":"bool",
                         "value":false
                        }]
                }, 
                {
                 "id":35,
                 "properties":[
                        {
                         "name":"collide",
                         "type":"bool",
                         "value":false
                        }]
                }, 
                {
                 "id":36,
                 "properties":[
                        {
                         "name":"collide",
                         "type":"bool",
                         "value":false
                        }]
                }, 
                {
                 "id":37,
                 "properties":[
                        {
                         "name":"collide",
                         "type":"bool",
                         "value":false
                        }]
                }, 
                {
                 "id":38,
                 "properties":[
                        {
                         "name":"collide",
                         "type":"bool",
                         "value":false
                        }]
                }, 
                {
                 "id":39,
                 "properties":[
                        {
                         "name":"collide",
                         "type":"bool",
                         "value":false
                        }]
                }, 
                {
                 "id":40,
                 "properties":[
                        {
                         "name":"collide",
                         "type":"bool",
                         "value":false
                        }]
                }, 
                {
                 "id":41,
                 "properties":[
                        {
                         "name":"collide",
                         "type":"bool",
                         "value":false
                        }]
                }, 
                {
                 "id":42,
                 "properties":[
                        {
                         "name":"collide",
                         "type":"bool",
                         "value":false
                        }]
                }, 
                {
                 "id":43,
                 "properties":[
                        {
                         "name":"collide",
                         "type":"bool",
                         "value":false
                        }]
                }, 
                {
                 "id":44,
                 "properties":[
                        {
                         "name":"collide",
                         "type":"bool",
                         "value":false
                        }]
                }, 
                {
                 "id":45,
                 "properties":[
                        {
                         "name":"collide",
                         "type":"bool",
                         "value":false
                        }]
                }, 
                {
                 "id":46,
                 "properties":[
                        {
                         "name":"collide",
                         "type":"bool",
                         "value":false
                        }]
                }, 
                {
                 "id":47,
                 "properties":[
                        {
                         "name":"collide",
                         "type":"bool",
                         "value":false
                        }]
                }, 
                {
                 "id":48,
                 "properties":[
                        {
                         "name":"collide",
                         "type":"bool",
                         "value":false
                        }]
                }, 
                {
                 "id":49,
                 "properties":[
                        {
                         "name":"collide",
                         "type":"bool",
                         "value":false
                        }]
                }, 
                {
                 "id":50,
                 "properties":[
                        {
                         "name":"collide",
                         "type":"bool",
                         "value":false
                        }]
                }, 
                {
                 "id":51,
                 "properties":[
                        {
                         "name":"collide",
                         "type":"bool",
                         "value":false
                        }]
                }, 
                {
                 "id":52,
                 "properties":[
                        {
                         "name":"collide",
                         "type":"bool",
                         "value":false
                        }]
                }, 
                {
                 "id":53,
                 "properties":[
                        {
                         "name":"collide",
                         "type":"bool",
                         "value":false
                        }]
                }, 
                {
                 "id":54,
                 "properties":[
                        {
                         "name":"collide",
                         "type":"bool",
                         "value":false
                        }]
                }, 
                {
                 "id":55,
                 "properties":[
                        {
                         "name":"collide",
                         "type":"bool",
                         "value":false
                        }]
                }, 
                {
                 "id":56,
                 "properties":[
                        {
                         "name":"collide",
                         "type":"bool",
                         "value":false
                        }]
                }, 
                {
                 "id":57,
                 "properties":[
                        {
                         "name":"collide",
                         "type":"bool",
                         "value":false
                        }]
                }, 
                {
                 "id":58,
                 "properties":[
                        {
                         "name":"collide",
                         "type":"bool",
                         "value":false
                        }]
                }, 
                {
                 "id":59,
                 "properties":[
                        {
                         "name":"collide",
                         "type":"bool",
                         "value":false
                        }]
                }, 
                {
                 "id":60,
                 "properties":[
                        {
                         "name":"collide",
                         "type":"bool",
                         "value":false
                        }]
                }, 
                {
                 "id":61,
                 "properties":[
                        {
                         "name":"collide",
                         "type":"bool",
                         "value":false
                        }]
                }, 
                {
                 "id":62,
                 "properties":[
                        {
                         "name":"collide",
                         "type":"bool",
                         "value":false
                        }]
                }, 
                {
                 "id":63,
                 "properties":[
                        {
                         "name":"collide",
                         "type":"bool",
                         "value":false
                        }]
                },
            
                {
                 "id":64,
                 "properties":[
                        {
                         "name":"collide",
                         "type":"bool",
                         "value":false
                        }]
                }, 
                {
                 "id":65,
                 "properties":[
                        {
                         "name":"collide",
                         "type":"bool",
                         "value":false
                        }]
                }, 
                {
                 "id":66,
                 "properties":[
                        {
                         "name":"collide",
                         "type":"bool",
                         "value":false
                        }]
                }, 
                {
                 "id":67,
                 "properties":[
                        {
                         "name":"collide",
                         "type":"bool",
                         "value":false
                        }]
                }, 
                {
                 "id":68,
                 "properties":[
                        {
                         "name":"collide",
                         "type":"bool",
                         "value":false
                        }]
                }, 
                {
                 "id":69,
                 "properties":[
                        {
                         "name":"collide",
                         "type":"bool",
                         "value":false
                        }]
                }, 
                {
                 "id":70,
                 "properties":[
                        {
                         "name":"collide",
                         "type":"bool",
                         "value":false
                        }]
                }, 
                {
                 "id":71,
                 "properties":[
                        {
                         "name":"collide",
                         "type":"bool",
                         "value":false
                        }]
                }, 
                {
                 "id":72,
                 "properties":[
                        {
                         "name":"collide",
                         "type":"bool",
                         "value":false
                        }]
                }, 
                {
                 "id":73,
                 "properties":[
                        {
                         "name":"collide",
                         "type":"bool",
                         "value":false
                        }]
                }, 
                {
                 "id":74,
                 "properties":[
                        {
                         "name":"collide",
                         "type":"bool",
                         "value":false
                        }]
                }, 
                {
                 "id":75,
                 "properties":[
                        {
                         "name":"collide",
                         "type":"bool",
                         "value":false
                        }]
                }, 
                {
                 "id":76,
                 "properties":[
                        {
                         "name":"collide",
                         "type":"bool",
                         "value":false
                        }]
                }, 
                {
                 "id":77,
                 "properties":[
                        {
                         "name":"collide",
                         "type":"bool",
                         "value":false
                        }]
                }, 
                {
                 "id":78,
                 "properties":[
                        {
                         "name":"collide",
                         "type":"bool",
                         "value":false
                        }]
                }, 
                {
                 "id":79,
                 "properties":[
                        {
                         "name":"collide",
                         "type":"bool",
                         "value":false
                        }]
                }, 
                {
                 "id":80,
                 "properties":[
                        {
                         "name":"collide",
                         "type":"bool",
                         "value":false
                        }]
                }, 
                {
                 "id":81,
                 "properties":[
                        {
                         "name":"collide",
                         "type":"bool",
                         "value":false
                        }]
                }, 
                {
                 "id":82,
                 "properties":[
                        {
                         "name":"collide",
                         "type":"bool",
                         "value":false
                        }]
                }, 
                {
                 "id":83,
                 "properties":[
                        {
                         "name":"collide",
                         "type":"bool",
                         "value":false
                        }]
                }, 
                {
                 "id":84,
                 "properties":[
                        {
                         "name":"collide",
                         "type":"bool",
                         "value":false
                        }]
                }, 
                {
                 "id":85,
                 "properties":[
                        {
                         "name":"collide",
                         "type":"bool",
                         "value":false
                        }]
                }, 
                {
                 "id":86,
                 "properties":[
                        {
                         "name":"collide",
                         "type":"bool",
                         "value":false
                        }]
                }, 
                {
                 "id":87,
                 "properties":[
                        {
                         "name":"collide",
                         "type":"bool",
                         "value":false
                        }]
                }, 
                {
                 "id":88,
                 "properties":[
                        {
                         "name":"collide",
                         "type":"bool",
                         "value":false
                        }]
                }, 
                {
                 "id":89,
                 "properties":[
                        {
                         "name":"collide",
                         "type":"bool",
                         "value":false
                        }]
                }, 
                {
                 "id":90,
                 "properties":[
                        {
                         "name":"collide",
                         "type":"bool",
                         "value":false
                        }]
                }, 
                {
                 "id":91,
                 "properties":[
                        {
                         "name":"collide",
                         "type":"bool",
                         "value":false
                        }]
                }, 
                {
                 "id":92,
                 "properties":[
                        {
                         "name":"collide",
                         "type":"bool",
                         "value":false
                        }]
                }, 
                {
                 "id":93,
                 "properties":[
                        {
                         "name":"collide",
                         "type":"bool",
                         "value":false
                        }]
                }, 
                {
                 "id":94,
                 "properties":[
                        {
                         "name":"collide",
                         "type":"bool",
                         "value":false
                        }]
                }, 
                {
                 "id":95,
                 "properties":[
                        {
                         "name":"collide",
                         "type":"bool",
                         "value":false
                        }]
                }, 
                {
                 "id":96,
                 "properties":[
                        {
                         "name":"collide",
                         "type":"bool",
                         "value":false
                        }]
                }, 
                {
                 "id":97,
                 "properties":[
                        {
                         "name":"collide",
                         "type":"bool",
                         "value":false
                        }]
                }, 
                {
                 "id":98,
                 "properties":[
                        {
                         "name":"collide",
                         "type":"bool",
                         "value":true
                        }]
                }, 
                {
                 "id":99,
                 "properties":[
                        {
                         "name":"collide",
                         "type":"bool",
                         "value":false
                        }]
                }, 
                {
                 "id":100,
                 "properties":[
                        {
                         "name":"collide",
                         "type":"bool",
                         "value":false
                        }]
                }, 
                {
                 "id":101,
                 "properties":[
                        {
                         "name":"collide",
                         "type":"bool",
                         "value":false
                        }]
                }, 
                {
                 "id":102,
                 "properties":[
                        {
                         "name":"collide",
                         "type":"bool",
                         "value":false
                        }]
                }, 
                {
                 "id":103,
                 "properties":[
                        {
                         "name":"collide",
                         "type":"bool",
                         "value":false
                        }]
                }, 
                {
                 "id":104,
                 "properties":[
                        {
                         "name":"collide",
                         "type":"bool",
                         "value":false
                        }]
                }, 
                {
                 "id":105,
                 "properties":[
                        {
                         "name":"collide",
                         "type":"bool",
                         "value":false
                        }]
                }, 
                {
                 "id":106,
                 "properties":[
                        {
                         "name":"collide",
                         "type":"bool",
                         "value":false
                        }]
                }, 
                {
                 "id":107,
                 "properties":[
                        {
                         "name":"collide",
                         "type":"bool",
                         "value":false
                        }]
                }, 
                {
                 "id":108,
                 "properties":[
                        {
                         "name":"collide",
                         "type":"bool",
                         "value":false
                        }]
                }, 
                {
                 "id":109,
                 "properties":[
                        {
                         "name":"collide",
                         "type":"bool",
                         "value":false
                        }]
                }, 
                {
                 "id":110,
                 "properties":[
                        {
                         "name":"collide",
                         "type":"bool",
                         "value":false
                        }]
                }, 
                {
                 "id":111,
                 "properties":[
                        {
                         "name":"collide",
                         "type":"bool",
                         "value":false
                        }]
                }, 
                {
                 "id":112,
                 "properties":[
                        {
                         "name":"collide",
                         "type":"bool",
                         "value":false
                        }]
                }, 
                {
                 "id":113,
                 "properties":[
                        {
                         "name":"collide",
                         "type":"bool",
                         "value":false
                        }]
                }, 
                {
                 "id":114,
                 "properties":[
                        {
                         "name":"collide",
                         "type":"bool",
                         "value":false
                        }]
                }, 
                {
                 "id":115,
                 "properties":[
                        {
                         "name":"collide",
                         "type":"bool",
                         "value":false
                        }]
                }, 
                {
                 "id":116,
                 "properties":[
                        {
                         "name":"collide",
                         "type":"bool",
                         "value":false
                        }]
                }, 
                {
                 "id":117,
                 "properties":[
                        {
                         "name":"collide",
                         "type":"bool",
                         "value":false
                        }]
                }, 
                {
                 "id":118,
                 "properties":[
                        {
                         "name":"collide",
                         "type":"bool",
                         "value":false
                        }]
                }, 
                {
                 "id":119,
                 "properties":[
                        {
                         "name":"collide",
                         "type":"bool",
                         "value":false
                        }]
                }, 
                {
                 "id":120,
                 "properties":[
                        {
                         "name":"collide",
                         "type":"bool",
                         "value":false
                        }]
                }, 
                {
                 "id":121,
                 "properties":[
                        {
                         "name":"collide",
                         "type":"bool",
                         "value":false
                        }]
                }, 
                {
                 "id":122,
                 "properties":[
                        {
                         "name":"collide",
                         "type":"bool",
                         "value":false
                        }]
                }, 
                {
                 "id":123,
                 "properties":[
                        {
                         "name":"collide",
                         "type":"bool",
                         "value":false
                        }]
                }, 
                {
                 "id":124,
                 "properties":[
                        {
                         "name":"collide",
                         "type":"bool",
                         "value":false
                        }]
                }, 
                {
                 "id":125,
                 "properties":[
                        {
                         "name":"collide",
                         "type":"bool",
                         "value":false
                        }]
                }, 
                {
                 "id":126,
                 "properties":[
                        {
                         "name":"collide",
                         "type":"bool",
                         "value":false
                        }]
                }, 
                {
                 "id":127,
                 "properties":[
                        {
                         "name":"collide",
                         "type":"bool",
                         "value":false
                        }]
                },
            
                {
                 "id":324,
                 "properties":[
                        {
                         "name":"collide",
                         "type":"bool",
                         "value":true
                        }, 
                        {
                         "name":"exit",
                         "type":"bool",
                         "value":true
                        }]
                }, 
                {
                 "id":439,
                 "properties":[
                        {
                         "name":"exit",
                         "type":"bool",
                         "value":true
                        }]
                }],
         "tilewidth":32
        }, 
        {
         "columns":1,
         "firstgid":578,
         "image":"Soldato_Nem_1_ATT sinistra.png",
         "imageheight":38,
         "imagewidth":49,
         "margin":0,
         "name":"Soldato_Nem_1_ATT sinistra (1)",
         "spacing":0,
         "tilecount":1,
         "tileheight":38,
         "tilewidth":49
        }],
 "tilewidth":32,
 "type":"map",
 "version":"1.9",
 "width":64
}